{
  "age": {
    "mean": 67.71555658256379,
    "std": 10.137193389180013
  },
  "m_spike": {
    "mean": 1.2092668187728803,
    "std": 0.8557006790358146
  },
  "sflc_ratio": {
    "mean": 5.640079859242227,
    "std": 9.149846066886683
  },
  "creatinine": {
    "mean": 0.9280104678412231,
    "std": 0.23580461873718578
  },
  "pgs_score": {
    "mean": -0.018330529093263884,
    "std": 1.0121437141316436
  }
}